trans_x	trans_y	trans_z	rot_x	rot_y	rot_z	dvars_std	dvars_nstd	dvars_vstd	framewise_displacement	aqi	aor
0.0	-0.0	0.0	-0.0	0.0	-0.0	n/a	n/a	n/a	n/a	0.0251494	0.00257
-0.0024	0.0258	0.019	0.00019896753472735358	-9.075712110370512e-05	7.504915783575618e-05	1.03863323	74.75034332	0.96925819	0.06543869068334074	0.0247831	0.00179
0.0011	-0.0347	-0.002	0.00014660765716752367	-2.094395102393195e-05	4.363323129985824e-05	1.0565958	76.04310608	0.97019288	0.09267944870877504	0.0238302	0.00114
0.0084	0.0244	0.0109	0.0005881759579220891	0.00010297442586766544	6.108652381980153e-05	0.98649192	70.99773407	0.937526	0.1084469985083053	0.0239607	0.00111
0.0093	-0.0499	0.0313	0.0004468042885105483	0.000317649923862968	-8.726646259971648e-05	0.96391314	69.3727417	0.92791144	0.12082000769131807	0.0226188	0.00078
0.0101	0.0063	0.0597	0.0007208209810736582	0.00034906585039886593	-0.0002181661564992912	1.02506065	73.77352142	0.96154274	0.10721661564992913	0.0229223	0.0009
0.0054	-0.0453	0.0558	0.0004572762640225143	0.00041015237421866745	-0.0002251474735072685	1.06004238	76.29115295	0.97070614	0.07678062789394614	0.0223535	0.00083
0.0017	0.0051	0.0643	0.0006440264939859076	0.0002513274122871834	-0.0002722713633111154	1.03064573	74.17547607	0.95639886	0.08223495408493621	0.0228137	0.00097
0.0064	-0.0284	0.0296	0.00042236967898262774	0.0003769911184307752	-0.000296705972839036	1.07837152	77.61029816	0.97268232	0.0914877565337396	0.0225611	0.00078
0.0287	0.0219	0.0382	0.0012322024519079964	0.0008377580409572782	-0.000322885911618951	1.03411138	74.42490387	0.95848955	0.14603898171158933	0.0213311	0.00055
0.033	-0.0281	0.0216	0.0013962634015954637	0.001022762941668677	-0.00029496064358704166	0.93735766	67.46154785	0.91934072	0.08974955592153876	0.0194178	0.00041
0.0297	0.0126	0.0396	0.0016441001553786586	0.0008866272600131194	-0.0003682644721708035	0.95990002	69.08391571	0.92826688	0.08486381320112571	0.0191652	0.00035
0.0263	-0.0457	0.0295	0.0013142329267517303	0.0009634217471008699	-0.0005427973973702365	0.95511681	68.7396698	0.92185982	0.10085973204570559	0.0183621	0.00034
0.02	-0.0052	0.0481	0.0015550883635269475	0.0008429940287132613	-0.0006859143960337716	0.94049519	67.68735504	0.91879561	0.09062000769131805	0.0188702	0.00033
0.0243	-0.0683	0.0224	0.0011885692206081383	0.0009669124056048585	-0.0006422811647339132	1.01177597	72.81742859	0.95264997	0.11980353755551323	0.0190336	0.00045
0.0184	-0.0068	0.0286	0.0011990411961201044	0.0006998770300497262	-0.0007487462491055673	0.96674484	69.57653809	0.92632691	0.09279862177193764	0.0192748	0.00036
0.0167	-0.0843	0.0186	0.000900589894029074	0.0006370451769779302	-0.0007714355293814937	0.968041	69.66982269	0.9290434	0.10839862177193764	0.0192158	0.00046
0.0221	0.02	0.0188	0.0016982053621904826	0.0007906341511534313	-0.0008918632477691023	1.08441806	78.04547119	0.97980223	0.1634816080362259	0.0180982	0.00032
0.0152	-0.0753	0.0549	0.0013892820845874865	0.0012322024519079964	-0.0014154620233674013	1.18800497	85.50061035	1.0168493	0.202004517697793	0.0179063	0.00039
0.0157	0.0144	0.0451	0.002303834612632515	0.001308996938995747	-0.0014974924982111347	1.0976932	79.00087738	0.98439599	0.15366887449882563	0.0162955	0.00021
0.014	-0.0835	0.083	0.0016755160819145565	0.0015289084247470327	-0.0016807520696705393	1.0972749	78.97077942	0.98259685	0.18907447939643243	0.0181696	0.00041
0.0146	-0.0033	0.0611	0.0022218041377887812	0.0015585790220309364	-0.0016947147036864942	1.06866848	76.91197205	0.96862197	0.13219606435870415	0.0169965	0.00023
0.0217	-0.0783	0.0788	0.0018168877513260971	0.001811651763570114	-0.0017941984710501708	1.0140667	72.98229218	0.94595841	0.13767364476827687	0.0190347	0.00052
0.0264	0.009	0.0465	0.0025883232807075904	0.001408480706359424	-0.0014311699866353504	1.0314405	74.23268127	0.95221227	0.20118175355035012	0.01665	0.0003
0.0231	-0.0901	0.0611	0.0018762289458939042	0.0012932889757277981	-0.001689478715930511	1.10770977	79.72177124	0.99285844	0.17127973973702365	0.0168906	0.00032
0.026	0.002	0.0111	0.002466150233067988	0.0013124875974997359	-0.001656317460142619	1.08434308	78.04007721	0.98290748	0.17711405823669568	0.0148823	0.00018
0.02	-0.0643	0.0459	0.002165953601724963	0.0012007865253720988	-0.0018308503853420514	1.03374541	74.39855957	0.96397676	0.13642153143350474	0.0152324	0.0002
0.0235	-0.0184	0.0035	0.0024591689160600103	0.001192059879112127	-0.0018133970928221085	1.03938305	74.80430603	0.96438682	0.10776976265574811	0.0148079	0.00025
0.0215	-0.0475	0.0441	0.0024277529895241124	0.0010629055144645468	-0.0017872171540421933	1.00365949	72.233284	0.94473232	0.08103751149816966	0.0154644	0.00018
0.022	-0.0544	0.0212	0.0020751964806212577	0.0010297442586766543	-0.0018762289458939042	0.97513503	70.18038177	0.93569447	0.0540364778271229	0.0149204	0.00019
0.0304	0.0267	0.0132	0.0024556782575560214	0.0011484266478122688	-0.0019041542139258136	1.12334824	80.84727478	1.00509964	0.1238544717051144	0.0159167	0.00028
0.0276	-0.0583	0.0135	0.0018256143975860688	0.0013945180723434693	-0.0022916173078685546	1.14644325	82.50941467	1.00568193	0.15128091892219467	0.0162723	0.00036
0.0303	0.0313	0.008	0.0024225170017681294	0.0015027284859671175	-0.002324778563656447	1.10564685	79.57330322	1.00544204	0.13471371367968007	0.01588	0.00034
0.0271	-0.0774	0.0379	0.002181661564992912	0.0015969762655748114	-0.0025551620249196984	1.19520962	86.01912689	1.03782903	0.17007433388230817	0.0164222	0.00034
0.0261	0.0051	0.0114	0.002879793265790644	0.0015498523757709647	-0.002541199390903744	1.14216435	82.20146179	0.9990999	0.14796091123087665	0.0146903	0.00019
0.0243	-0.0973	0.0356	0.0023544491609403502	0.0017034413499464657	-0.002621484536495483	1.11792028	80.45661926	0.99119829	0.16636091123087668	0.0166571	0.00035
0.0282	-0.0064	0.0123	0.0031223940318178558	0.0017959438003021652	-0.0026546457922833754	1.11605477	80.32235718	0.98249716	0.16278042885105487	0.0157471	0.00033
0.0212	-0.0893	0.0325	0.0021223203704251047	0.0017016960206944712	-0.002647664475275398	1.0346837	74.46609497	0.95739875	0.16516513790042114	0.0166569	0.00036
0.025	0.0267	0.0105	0.0025883232807075904	0.001673770752662562	-0.002701769682087222	1.10406554	79.45949554	0.99562111	0.16920166925631094	0.0161157	0.00035
0.0232	-0.0587	0.0398	0.0017505652397503124	0.002005383310541485	-0.0028693212902786776	1.13751996	81.86721039	1.00092942	0.1833461103513828	0.0176587	0.00046
0.0253	0.035	0.0128	0.0020943951023931952	0.0019861846887695473	-0.002897246558310587	1.08555949	78.12761688	0.99009948	0.1423476876223365	0.0172239	0.00048
0.0196	-0.0596	0.0586	0.0018029251173101424	0.0020717058221172693	-0.003001966313430246	1.09291697	78.65713501	0.98988239	0.1701855436775217	0.0184175	0.0005
0.0119	0.0149	0.0316	0.002054252529597326	0.0019373154697137059	-0.0030613075079980543	1.05446768	75.88994598	0.97151365	0.13145294796292775	0.0173346	0.00045
0.0128	-0.0565	0.0945	0.0015498523757709647	0.0022200588085367874	-0.0034365532971768345	1.04514277	75.21883392	0.9644651	0.19331946409141115	0.0207886	0.00092
0.004	0.0271	0.0591	0.001281071670963838	0.0016877333866785165	-0.003085742117525975	1.07960975	77.69941711	0.9894837	0.18539586531581287	0.0195402	0.00067
-0.0018	-0.0393	0.0453	0.0008447393579652555	0.0012863076587198209	-0.0029722957161463434	1.02588606	73.83292389	0.96456546	0.13356022211684548	0.0181156	0.00043
-0.0124	0.0287	0.0328	0.0011763519158441782	0.0010175269539126942	-0.0029059732045705585	1.02497256	73.7671814	0.96841688	0.12443578871309172	0.0176533	0.00035
-0.0172	-0.0327	0.0573	0.0014608405839192536	0.0010803588069844899	-0.0028396506929947744	1.00234807	72.13890076	0.94638575	0.11138215163613274	0.0160081	0.00023
-0.0208	-0.0673	0.0494	0.0012636183784438947	0.0010524335389525807	-0.002782054827678961	0.95843774	68.97867584	0.9328806	0.06023716694115407	0.016621	0.00031
-0.0256	0.0209	0.0583	0.0016039575825827887	0.000926769832808989	-0.0025778513051956248	1.03609908	74.56795502	0.96613202	0.13541032163829103	0.0170833	0.00027
-0.0312	-0.0746	0.0779	0.0011309733552923255	0.000778416846389471	-0.002584832622203602	1.01848412	73.30020905	0.95600966	0.15211592653589795	0.0177546	0.00034
-0.0323	-0.0382	0.0494	0.0012095131716320703	0.0008133234314293575	-0.002593559268463574	0.96217209	69.24743652	0.92349603	0.07210865238198019	0.0167128	0.00028
-0.0274	0.0382	0.0625	0.0017086773377024485	0.0007923794804054256	-0.002438224965036078	0.99494213	71.605896	0.94711843	0.12817212102609027	0.0169988	0.00028
-0.0297	-0.0719	0.0881	0.001075122819228507	0.0008726646259971648	-0.0025499260371637153	1.13017476	81.33857727	1.00428108	0.17927703680966592	0.0183701	0.00041
-0.0296	-0.0035	0.0515	0.0013264502315156904	0.0008272860654453122	-0.0026790804018112955	0.97366261	70.07440948	0.93334868	0.1263930168743308	0.0164204	0.00022
-0.0277	0.0133	0.0887	0.0015271630954950383	0.0008115781021773631	-0.00277332818141899	0.92408252	66.50613403	0.91530333	0.07143343034274957	0.0176777	0.00036
-0.0322	-0.055	0.0672	0.0009965830028887623	0.0006894050545377602	-0.0028815385950426383	0.9944154	71.56798553	0.94193825	0.13234817769347637	0.0174487	0.00032
-0.0401	0.0161	0.051	0.0017331119472303693	0.0003769911184307752	-0.0028396506929947744	0.98506099	70.8947525	0.93507231	0.1497415391248228	0.0146583	0.00015
-0.037	-0.0448	0.0397	0.001998401993533507	0.0004625122517784973	-0.0030002209841782524	1.02444232	73.72901917	0.94390708	0.10086907354171688	0.0129191	0.00012
-0.0361	-0.0115	0.0699	0.002007128639793479	0.00033335788713091696	-0.0029077185338225527	1.01434255	73.00214386	0.94370846	0.07591917306316259	0.0141244	0.00015
-0.0325	-0.0803	0.0642	0.0015132004614790836	0.0003961897402027128	-0.0029443704481144336	1.01271546	72.88504028	0.94456517	0.1077705972839036	0.015076	0.00024
-0.0304	0.0143	0.0714	0.002134537675189065	0.00035430183815484887	-0.0027977627909469105	1.077425	77.54218292	0.96917417	0.1443916386462684	0.0143023	0.00016
-0.0288	-0.103	0.1032	0.0011763519158441782	0.00028623399732707005	-0.003035127569218139	1.16817236	84.07325745	1.00679708	0.2138809189221947	0.0183173	0.0004
-0.0321	0.0358	0.0738	0.0018727382873899156	0.0002024581932313422	-0.002841396022246768	1.13332379	81.56520844	0.99944623	0.22019468613064175	0.0151375	0.00018
-0.0346	-0.0783	0.1104	0.0010681415022205296	0.00011693705988362007	-0.0029862583501622975	1.10364997	79.42958832	0.98642047	0.20494901232163187	0.0188124	0.00044
-0.0321	0.0138	0.0662	0.0022200588085367874	0.000158824961931484	-0.0030578168494940655	1.03144133	74.23274231	0.95021834	0.20206818538479449	0.0137206	0.00016
-0.0303	-0.0708	0.1139	0.0017662732030182616	2.6179938779914945e-05	-0.0030421088862261168	1.01283967	72.89398193	0.94350328	0.16420692959690217	0.0171099	0.00031
-0.0282	-0.0386	0.0903	0.002165953601724963	0.00010821041362364843	-0.002823942729726825	0.99483716	71.5983429	0.93759421	0.09289385150248633	0.0148939	0.00016
-0.0282	-0.03	0.126	0.001843067690106012	3.665191429188092e-05	-0.002701769682087222	0.99104488	71.32540894	0.9392448	0.07013087292951607	0.0179471	0.00044
-0.0208	-0.084	0.1176	0.0015271630954950383	9.773843811168246e-05	-0.0026057765732275338	0.9785251	70.42436218	0.9354992	0.0934492113645232	0.0180528	0.00038
-0.0245	0.0064	0.104	0.0022794000031045943	8.552113334772214e-05	-0.002466150233067988	0.99333411	71.49016571	0.93888027	0.15290402762665312	0.0155725	0.00017
-0.0248	-0.104	0.1289	0.0016982053621904826	8.203047484373349e-05	-0.0025394540616517493	1.10396147	79.45200348	0.99360919	0.16849945640009306	0.0183686	0.00043
-0.026	-0.0105	0.0841	0.002452187599052033	3.839724354387525e-05	-0.0023230332344044524	1.1003952	79.19534302	0.98582116	0.19020181477043527	0.0137993	0.00015
-0.0298	-0.0886	0.1071	0.001970476725501598	-5.235987755982988e-06	-0.0023422318561763904	0.99275827	71.44872284	0.94054367	0.13212713633111156	0.0162256	0.00024
-0.0372	-0.0234	0.0619	0.002261946710584651	-0.0002705260340591211	-0.002324778563656447	0.93803984	67.51064301	0.91613866	0.14651066619530673	0.0129578	0.00014
-0.0427	-0.0462	0.0921	0.0018744836166419098	-0.0003822271061867582	-0.002494075501099897	0.93797463	67.50595093	0.92485727	0.09192305517569142	0.0155422	0.00028
-0.0481	-0.0322	0.0615	0.001759291886010284	-0.0005742133239061344	-0.002663372438543347	1.03020537	74.14378357	0.95691002	0.07382374428972259	0.0142514	0.00023
-0.0556	-0.0031	0.0699	0.001947787445225672	-0.0006771877497737998	-0.002846632010002751	0.95633167	68.82710266	0.92741204	0.06873647782712289	0.0146549	0.00024
-0.0588	-0.0759	0.0604	0.001595230936322817	-0.0008395033702092724	-0.002958333082130389	1.04748034	75.3870697	0.96332457	0.11682866007329824	0.0152121	0.00026
-0.0614	0.0034	0.0662	0.001801179788058148	-0.000783652834145454	-0.0027523842303950577	1.0436511	75.11147308	0.95230742	0.111087411976724	0.0146887	0.0002
-0.063	-0.0636	0.0672	0.001356120828799594	-0.0009162978572970229	-0.0028187067419708422	0.95385933	68.64916992	0.9219883	0.10180132469929536	0.0154123	0.00024
-0.0656	0.0095	0.0711	0.001562069680534925	-0.0008377580409572782	-0.0026668630970473357	0.99006438	71.25484467	0.9443771	0.10141661564992913	0.0161408	0.00033
-0.0607	-0.0805	0.051	0.0012793263417118436	-0.0008220500776893293	-0.002637192499763432	1.06407726	76.58154297	0.9768965	0.13140609496874672	0.0155003	0.00025
-0.0624	0.0066	0.0392	0.0016493361431346415	-0.0007679448708775049	-0.002590068609959585	1.06035435	76.31360626	0.96835538	0.12416194490192346	0.0144047	0.00019
-0.0634	-0.0943	0.0415	0.0009162978572970229	-0.0007225663103256524	-0.0027035150113392165	1.04355931	75.10487366	0.96417524	0.1487931623884551	0.0163289	0.00027
-0.0647	0.0152	0.0481	0.0011152653920243766	-0.0007347836150896127	-0.0025778513051956248	0.99813604	71.83576202	0.9426669	0.13424242728174526	0.0167662	0.00032
-0.0576	-0.071	0.0387	0.0009913470151327792	-0.0007382742735936014	-0.0024242623310201236	0.99572301	71.66209412	0.94930674	0.11674990047855437	0.0159708	0.00029
-0.0623	0.0269	0.027	0.001377064779823526	-0.0007382742735936014	-0.002363175807200322	1.00728762	72.49440002	0.94850601	0.13664021442552743	0.015437	0.0003
-0.0618	-0.0737	0.0255	0.0011833332328521555	-0.0007470009198535729	-0.0024190263432641405	1.05527663	75.94816589	0.96438105	0.11551543646475802	0.0150224	0.00026
-0.067	0.0503	0.0124	0.0014433872913993105	-0.001256637061435917	-0.001583013631558857	1.3145014	94.60454559	1.11684403	0.22258514559173917	0.0191755	0.00244
-0.0634	-0.0138	0.0132	0.0011397000015522971	-0.0012863076587198209	-0.0011903145498601325	1.05862498	76.18914795	1.00024906	0.10480284844148208	0.0168894	0.00039
-0.0551	-0.0782	-0.0215	0.0007871434926494425	-0.001181587903600161	-0.001298524963483781	1.03455019	74.45648193	0.97943273	0.13567433388230815	0.0169746	0.00042
-0.0484	0.0341	-0.0205	0.0014974924982111347	-0.0009337511498169664	-0.0014695672301792255	1.08585083	78.14859009	0.99663849	0.17646140130201662	0.0153031	0.00027
-0.0505	-0.0931	-0.0437	0.0017645278737662671	-0.0009529497715889039	-0.001647590813882647	1.12848377	81.21687317	1.00057547	0.1757128790515246	0.0128865	0.00017
-0.0464	0.0093	-0.0618	0.0025865779514555962	-0.0008412486994612669	-0.001481784534943186	1.03385019	74.40610504	0.95704264	0.17957787143782136	0.0119906	0.00012
-0.0479	-0.0769	-0.0464	0.002134537675189065	-0.0008290313946973065	-0.0015498523757709647	0.96957368	69.78012848	0.93195085	0.12971627109291353	0.0118759	0.00013
-0.0401	-0.0149	-0.0967	0.0032480577379614467	-0.0006370451769779302	-0.0014590952546672592	0.99677461	71.73777771	0.93745502	0.1899131700797732	0.0110087	0.00012
-0.0384	-0.0643	-0.0849	0.0035796702958403696	-0.0006702064327658224	-0.0016039575825827887	0.92463958	66.5462265	0.91633626	0.08838180707911723	0.00922728	6e-05
-0.0414	-0.049	-0.1136	0.003454006589696778	-0.0007400196028455958	-0.0014364059743913332	0.88326317	63.56837082	0.89745817	0.06515142422074104	0.010199	0.00013
-0.0394	-0.0663	-0.1253	0.0037734018428117405	-0.0009651670763528643	-0.0012740903539558604	0.89766133	64.60460663	0.90747224	0.0663429173528852	0.0101632	9e-05
-0.0263	-0.0621	-0.1757	0.004190535534038385	-0.000921533845053006	-0.0011431906600562858	0.99747777	71.78838348	0.94602951	0.09728333082130387	0.0122392	0.0001
-0.0201	-0.0701	-0.1617	0.004110250388446646	-0.0009442231253289323	-0.0011431906600562858	0.9298802	66.92339325	0.91838566	0.03334872129338327	0.0112457	0.00011
-0.0153	-0.0658	-0.1943	0.004487241506877421	-0.0006579891280018621	-0.0011327186845443199	0.96568316	69.5001297	0.93366707	0.07538485456349057	0.0131731	0.00016
-0.0101	-0.0644	-0.1821	0.0046198865300289904	-0.0006719517620178169	-0.0010035643198967395	0.95523077	68.7478714	0.92756615	0.0325881010907552	0.0131038	0.00017
0.0038	-0.1094	-0.2137	0.004571017310973149	-0.0004310963252425994	-0.0010419615634406148	0.94837213	68.2542572	0.93168666	0.10690609496874667	0.0150855	0.0002
0.0071	-0.0165	-0.1936	0.004654793115068877	-0.00037350045992678646	-0.0009337511498169664	1.01285124	72.89481354	0.95645226	0.12877910415175947	0.0149125	0.00017
0.0087	-0.0701	-0.2071	0.004614650542273007	-0.00047647488579445195	-0.0008813912722571365	1.00519931	72.34410095	0.95372482	0.07847384381116827	0.0151178	0.0002
0.0168	-0.066	-0.224	0.00528485697503883	-0.0003612831551628262	-0.0008220500776893293	0.97140217	69.91172791	0.94062641	0.07133696789826277	0.0159016	0.00017
0.0133	-0.0555	-0.2337	0.005667084081225588	-0.0004572762640225143	-0.000947713783832921	0.9413811	67.75111389	0.92970642	0.053894196059501874	0.0164495	0.00018
0.0211	-0.1289	-0.2483	0.006054547175168328	-0.000307177948351002	-0.0007888888219014368	1.02756	73.95339966	0.96696767	0.1306193185772868	0.0179134	0.00033
0.0201	-0.0685	-0.2657	0.006607816548050532	-0.000322885911618951	-0.0007208209810736582	0.99610645	71.68968964	0.94727973	0.11065225884889653	0.0200303	0.00046
0.0161	-0.1321	-0.2315	0.00601091394386847	-0.0005637413483941684	-0.0007155849933176752	0.95215344	68.52639771	0.9277985	0.1439497014356631	0.0177575	0.00024
0.0109	-0.0965	-0.2606	0.005988224663592545	-0.0008464846872172499	-0.0007470009198535729	0.87790728	63.1829071	0.89924751	0.08674242728174518	0.0189651	0.00031
0.0047	-0.0973	-0.228	0.005160938598147233	-0.0008185594191853405	-0.0009285151620609833	0.87890732	63.254879	0.8960811	0.0914362787842316	0.0160968	0.00019
0.004	-0.0495	-0.2454	0.0057526052145733106	-0.0008709192967451704	-0.0008639379797371932	0.93800962	67.50846863	0.92495137	0.10133018381548488	0.0174085	0.00022
0.0044	-0.1081	-0.21	0.005461135229490257	-0.0008150687606813518	-0.0009861110273767962	0.99976796	71.95320892	0.95429748	0.11787467843932374	0.014351	0.00016
0.0024	-0.0691	-0.2492	0.006443755598363065	-0.0006998770300497262	-0.0009878563566287904	1.00666976	72.44993591	0.95267568	0.1351778714378214	0.0180513	0.00033
-0.0013	-0.1096	-0.2112	0.006070255138436278	-0.0007976154681614085	-0.0011205013797803594	1.02210033	73.56047058	0.95580325	0.11239419605950192	0.0160149	0.00026
-0.0075	-0.1001	-0.2262	0.005635668154689691	-0.0009756390518648303	-0.001117010721276371	0.93056184	66.97245026	0.92036578	0.06150506129769991	0.0163565	0.00021
-0.0131	-0.0863	-0.1947	0.005136503988619312	-0.0010978120995044332	-0.0010890854532444615	0.93980819	67.63790894	0.92930796	0.08336312408709455	0.0139875	0.00016
-0.0169	-0.0787	-0.2105	0.00518013721991917	-0.0011047934165124105	-0.0011571532940722405	0.98832119	71.1293869	0.93880174	0.03313411945678069	0.0137962	0.00014
-0.0136	-0.0861	-0.1979	0.005098106745075437	-0.0010262536001726657	-0.0012618730491919003	0.91950107	66.17640686	0.91664367	0.03656450231515688	0.0126983	0.00014
-0.0045	-0.0809	-0.2357	0.005937610115284709	-0.0009389871375729493	-0.0014346606451393388	0.99703294	71.75637054	0.9481217	0.10707787143782133	0.0151955	0.00016
-0.009	-0.1046	-0.2084	0.006178465552059926	-0.0008203047484373349	-0.001481784534943186	0.98774856	71.08817291	0.94372241	0.0758330857857339	0.0135483	0.00011
-0.0028	-0.1182	-0.2194	0.005892231554732856	-0.0006876597252857658	-0.001446877949903299	0.97143656	69.91419983	0.93549121	0.05348928027592628	0.0145594	0.00017
-0.0032	-0.0637	-0.1949	0.0058171823968971	-0.0009913470151327792	-0.0011641346110802177	0.98095161	70.59899902	0.93724533	0.11247398932529255	0.0133969	0.00013
-0.0117	-0.1145	-0.1978	0.005424483315198376	-0.0011065387457644049	-0.0013386675362796509	0.90496171	65.13001251	0.90278969	0.09632118687648915	0.012763	0.00013
-0.0111	-0.0349	-0.2143	0.006065019150680294	-0.0011414453308042916	-0.0012042771838760874	1.00185633	72.103508	0.94791965	0.1371916386462684	0.0144178	0.0002
-0.0047	-0.1143	-0.1958	0.005651376117957638	-0.0006876597252857658	-0.001556833692778942	1.03528142	74.5091095	0.96114635	0.1652992573572018	0.0123553	0.00013
-0.0005	-0.0394	-0.2046	0.006625269840570476	-0.000661479786505851	-0.0013456488532876281	1.02089655	73.47383118	0.9571487	0.14846292504420333	0.0141037	0.00013
-0.0027	-0.1516	-0.1711	0.005728170605045389	-0.00046425758103049166	-0.0015585790220309364	1.09108007	78.52493286	0.98607462	0.21326258048718771	0.0115884	0.00014
-0.0033	-0.0442	-0.2017	0.006562437987498679	-0.0006510078109938849	-0.0014433872913993105	1.03762388	74.67769623	0.95592733	0.19541046715241545	0.0140078	0.00019
-0.009	-0.1169	-0.167	0.0053825954131505125	-0.0006265732014659643	-0.0017226399717184032	0.97831219	70.40904236	0.93593136	0.18727649320975895	0.0111957	0.00012
-0.0064	-0.0399	-0.2097	0.005881759579220891	-0.0007504915783575615	-0.001473057888683214	1.01331925	72.92849731	0.94920183	0.16593323129985826	0.0139228	0.00014
-0.0072	-0.104	-0.1731	0.005209807817203074	-0.0006038839211900379	-0.001689478715930511	1.01751459	73.2304306	0.95162033	0.15324901232163185	0.0113875	0.00012
-0.0006	-0.0798	-0.2227	0.005715953300281429	-0.0004014257279586958	-0.0018029251173101424	1.00620174	72.41625214	0.94935713	0.12150250388446644	0.0137174	0.00012
0.0023	-0.0732	-0.1939	0.005490805826774161	-0.0003787364476827695	-0.0018064157758141308	0.94550759	68.0480957	0.92293881	0.05086637061435917	0.0118512	9e-05
0.0007	-0.1079	-0.2034	0.005064945489287545	-0.0003211405823669566	-0.001954768762233649	0.943941	67.93534851	0.92201343	0.07739045946109736	0.0127428	0.00015
-0.0011	-0.0266	-0.1915	0.005153957281139256	-0.0004468042885105483	-0.001759291886010284	0.99394077	71.53382874	0.9425587	0.11550761871093336	0.012678	0.00016
0.0025	-0.1052	-0.2008	0.004424409653805625	-0.00027750735106709843	-0.0018186330805780916	0.97757274	70.3558197	0.93857589	0.1394092879672444	0.0130771	0.00015
0.0023	-0.0195	-0.2023	0.005420992656694387	-0.0003438298626428829	-0.0017924531417981763	1.0276767	73.96179962	0.96054061	0.14185427266222303	0.0133965	0.00012
0.0042	-0.1244	-0.2008	0.005229006438975011	-9.075712110370512e-05	-0.002036799237077382	1.08829379	78.32440948	0.98285939	0.14277025272688795	0.0128794	0.00016
0.0089	-0.0381	-0.2098	0.005988224663592545	-1.7453292519943296e-05	-0.0020943951023931952	1.05448544	75.89122009	0.96600586	0.1445058959258554	0.0135509	0.00014
0.0081	-0.1404	-0.1689	0.0053058009260627615	0.0002373647782712288	-0.0021624629432209744	1.04020214	74.86325836	0.95431077	0.19426548245743672	0.0115077	0.00011
0.0083	-0.0255	-0.1857	0.006483898171158934	0.000148352986419518	-0.0022776546738526	1.04655755	75.32064819	0.96257151	0.20101503837897547	0.0126535	0.00011
0.0021	-0.1245	-0.1204	0.005267403682518886	0.0003473205211468716	-0.0027558748888990466	1.13252366	81.50762939	0.99247872	0.2651841119206924	0.00923216	0.0001
0.0026	-0.0378	-0.1613	0.006517059426946826	0.00039269908169872416	-0.0027401669256310974	1.08305335	77.94725037	0.9768854	0.19363711341238704	0.0115977	0.00013
-0.0063	-0.119	-0.1204	0.005784021141109208	0.0004049163864626844	-0.002958333082130389	1.05716956	76.08439636	0.96655643	0.1791710873550435	0.0099023	0.00013
-0.0056	-0.0914	-0.1649	0.006072000467688272	0.000466002910282486	-0.002895501229058593	1.00084364	72.03062439	0.94359014	0.09339488517353309	0.0116162	0.00014
-0.0089	-0.0787	-0.1442	0.00620813614934383	0.0002652900463031381	-0.002883283924294633	0.90269518	64.96688843	0.90512503	0.05415329251994328	0.0107217	0.0001
-0.0052	-0.1155	-0.1613	0.00574038790980935	0.00020420352248333657	-0.002764601535159018	0.98390269	70.81138611	0.94800216	0.08997585762449485	0.0109931	0.00014
-0.0155	-0.0376	-0.1563	0.006028367236388414	-8.37758040957278e-05	-0.0027680921936630064	1.02902532	74.05886078	0.96577278	0.12217246558310584	0.0102981	0.0001
-0.0175	-0.1145	-0.167	0.005689773361501514	-0.00015533430342749534	-0.0027925268031909274	1.0229913	73.62458801	0.95566644	0.11132934918732944	0.01043	0.00013
-0.0266	-0.015	-0.1789	0.006700318998406232	-0.0002181661564992912	-0.0028675759610266834	1.0758884	77.43159485	0.98002097	0.1779213323906135	0.0119476	0.00012
-0.0268	-0.132	-0.1615	0.0060405845411523745	-0.00030194196059501896	-0.002816961412718848	1.06880462	76.92177582	0.97654584	0.17430624048287102	0.00995845	9e-05
-0.0321	-0.0321	-0.2083	0.007276277651564359	-0.00042411500823462205	-0.0027680921936630064	1.09092486	78.51376343	0.979377	0.22233676885537149	0.0139145	0.00016
-0.0394	-0.1491	-0.1423	0.005787511799613196	-0.00042236967898262774	-0.0030595621787460597	1.17934692	84.87748718	1.01898682	0.2793990583143105	0.00988883	0.00015
-0.0464	-0.0492	-0.1736	0.006117379028240125	-0.0005078908123303499	-0.003010692959690218	0.98791933	71.10046387	0.93508823	0.16141287905152463	0.0106906	0.00016
-0.0454	-0.0775	-0.1633	0.005803219762881146	-0.0006649704450098395	-0.002883283924294633	0.85542166	61.56462097	0.88718931	0.06953239667170265	0.0102642	0.00017
-0.0439	-0.0635	-0.2054	0.006613052535806515	-0.0007539822368615504	-0.0027454029133870805	0.9956491	71.65677643	0.94284745	0.1094362787842316	0.0126523	0.00021
-0.0422	-0.0557	-0.1877	0.006373942428283292	-0.0008168140899333463	-0.002673844414055313	0.94150025	67.75968933	0.92833672	0.0458750229963393	0.0119317	0.00016
-0.0414	-0.0816	-0.2044	0.0064001223670632065	-0.0008709192967451704	-0.0027314402793711255	0.95871598	68.998703	0.9354177	0.05029405054537756	0.0125167	0.00019
-0.0457	-0.0589	-0.1827	0.006363470452771325	-0.0010122909661567112	-0.0025028021473598684	0.95825201	68.96530914	0.92929572	0.06903308578573396	0.0119624	0.00016
-0.046	-0.12	-0.2045	0.0063669611112753145	-0.0008936085770210966	-0.002542944720155738	0.98796976	71.10409546	0.94421065	0.09131578102177364	0.0134213	0.00023
-0.0479	-0.0265	-0.1697	0.00647866218340295	-0.0010576695267085637	-0.0025045474766118626	1.00954533	72.65688324	0.94668851	0.14590796326794891	0.0121797	0.00017
-0.0479	-0.1168	-0.1792	0.00596204472481263	-0.0009861110273767962	-0.0025324727446437724	0.99094713	71.31837463	0.9398833	0.13060506129769991	0.0115496	0.00012
-0.0478	-0.0109	-0.1953	0.006543239365726741	-0.0010943214410004448	-0.002410299697004169	1.02475858	73.75178528	0.95506413	0.16267890510886812	0.012924	0.0002
-0.0457	-0.1178	-0.2119	0.006489134158914917	-0.0009826203688728075	-0.002494075501099897	1.09196723	78.58878326	0.98547077	0.1380791041517594	0.0131619	0.00014
-0.0455	-0.0225	-0.2362	0.0072692963345563815	-0.0011065387457644049	-0.002450442269800039	1.05151522	75.67745209	0.96728991	0.16718568919164595	0.0156162	0.00018
-0.0421	-0.1263	-0.2265	0.00676838683923401	-0.0010943214410004448	-0.002466150233067988	1.00119162	72.05567169	0.9482593	0.14334173816771403	0.0145413	0.00016
-0.047	-0.0236	-0.2396	0.007197737835224614	-0.0012863076587198209	-0.0024818581963359366	0.94859689	68.27043152	0.92000299	0.15255225884889645	0.016053	0.00022
-0.0487	-0.1097	-0.2146	0.00648215284190694	-0.0013596114873035826	-0.0025726153174396417	0.93130153	67.02568817	0.91060604	0.15678229715025707	0.0135331	0.00016
-0.0538	-0.0246	-0.2578	0.007360053455660089	-0.0015271630954950383	-0.0025603980126756814	0.96172249	69.21508026	0.92549431	0.1862834763354282	0.0172692	0.00022
-0.0585	-0.1202	-0.2089	0.00647866218340295	-0.001609193570338772	-0.002597049926967562	1.06479526	76.63321686	0.97723079	0.1992036830696376	0.0131342	0.00014
-0.0607	-0.0538	-0.2503	0.006785840131753953	-0.0014556045961632708	-0.002663372438543347	1.06733108	76.8157196	0.98126887	0.13635447170511444	0.0157026	0.00019
-0.0614	-0.0353	-0.2281	0.007138396640656808	-0.0015917402778188286	-0.0025603980126756814	1.02176201	73.53611755	0.95921172	0.07098333082130395	0.0152866	0.00022
-0.0858	-0.2039	-0.239	0.006304129258203518	-0.0018168877513260971	-0.002858849314766712	1.31174433	94.4061203	1.11500406	0.2717933079025795	0.0187663	0.00118
-0.0932	0.101	-0.2046	0.006373942428283292	-0.002038544566329377	-0.0027890361446869386	1.82204628	131.13250732	1.37249008	0.36476415775814136	0.01823	0.00119
-0.0859	-0.0078	-0.1854	0.006295402611943547	-0.0017680185322702558	-0.0027890361446869386	1.16881514	84.11952209	1.03186787	0.15275329251994327	0.0132095	0.00019
-0.0904	-0.0855	-0.2178	0.006492624817418905	-0.0020141099568014562	-0.0029548424236264	1.10460377	79.49822998	0.99917975	0.14505599544730097	0.0147305	0.00024
-0.0844	0.0525	-0.2149	0.0065833819385226105	-0.001956514091485643	-0.0028518679977587343	1.23432505	88.83425903	1.08023617	0.15946637061435923	0.018586	0.00153
-0.078	-0.0803	-0.1862	0.005989969992844539	-0.0016632987771505957	-0.0027977627909469105	1.17065775	84.25213623	1.04630189	0.21493662334124716	0.0118669	0.00012
-0.0814	-0.166	-0.1819	0.005808455750637128	-0.0015114551322270892	-0.0025883232807075904	1.03007424	74.13434601	0.96858002	0.1205398698685119	0.0124685	0.00014
-0.0779	-0.0379	-0.2033	0.006817256058289851	-0.0018849555921538759	-0.002562143341927676	1.08548009	78.12190247	0.98614987	0.2234240353179712	0.0140625	0.00015
-0.0881	-0.1441	-0.1974	0.006462954220135002	-0.0018168877513260971	-0.002750638901143063	1.08812737	78.31243134	0.98755141	0.15284326190990075	0.0144586	0.0002
-0.0763	-0.0492	-0.2472	0.007387978723691997	-0.001970476725501598	-0.002825688058978819	1.10607016	79.6037674	0.99093115	0.2141831317784126	0.0182202	0.00041
-0.0908	-0.1277	-0.2156	0.006729989595690135	-0.0022759093446006054	-0.0026825710603152844	1.01406193	72.98194122	0.95231169	0.1799269372882202	0.0170364	0.00036
-0.0809	-0.0251	-0.2278	0.007454301235267781	-0.0023928464044842257	-0.0024975661596038853	0.99501091	71.61084747	0.94251887	0.1760126800086333	0.0192217	0.00051
-0.0833	-0.0944	-0.2019	0.007016223593017205	-0.002183406894244906	-0.0024312436480281013	0.90619195	65.21855164	0.9053472	0.133291983203284	0.0160937	0.00027
-0.079	-0.0121	-0.204	0.008058185156457818	-0.002457423586808016	-0.002501056818107874	0.97294819	70.022995	0.9378197	0.15798957130417476	0.0183906	0.00036
-0.08	-0.1073	-0.1704	0.007899360194526335	-0.0024190263432641405	-0.0025638886711796703	1.07804632	77.5868988	0.97293286	0.14280270292735767	0.0160874	0.00018
-0.0695	-0.0399	-0.2012	0.00894132175796695	-0.002516764781375823	-0.00249931148885588	1.0227896	73.6100769	0.95264151	0.16891385919380436	0.0193014	0.00046
-0.0684	-0.1362	-0.1542	0.007922049474802262	-0.0022706733568446224	-0.0024207716725161347	1.05055606	75.60842133	0.96781084	0.21159517620178167	0.0156934	0.00018
-0.062	-0.063	-0.1892	0.008625417163355976	-0.0024277529895241124	-0.0024434609527920616	0.9620176	69.2363205	0.93009531	0.15875683007545655	0.0175372	0.00022
-0.0705	-0.16	-0.1473	0.007853981633974483	-0.002495820830351891	-0.0022706733568446224	1.02898908	74.05625153	0.9623135	0.19801454830783552	0.0158103	0.00022
-0.0862	-0.1159	-0.1771	0.008077383778229757	-0.002649409804527392	-0.002535963403147761	1.0113827	72.78912354	0.95284402	0.12171405823669568	0.0165998	0.00024
-0.0825	-0.0537	-0.1688	0.00861494518784401	-0.0027296949501191318	-0.002780309498426967	0.94088054	67.71508789	0.92673934	0.11730963252425997	0.0173589	0.00026
-0.0937	-0.1618	-0.122	0.007391469382195986	-0.0025394540616517493	-0.002879793265790644	1.0916512	78.56604004	0.98681037	0.24176002307395417	0.0150481	0.00025
-0.0948	-0.0494	-0.1564	0.008396779031344719	-0.0025237460983838006	-0.0029949849964222694	1.11230755	80.05267334	0.99608159	0.20471046715241528	0.0173878	0.00022
-0.098	-0.0961	-0.1112	0.007827801695194567	-0.0023911010752322315	-0.003237585762449481	0.96110648	69.17074585	0.92840701	0.14231115626644664	0.0151258	0.00018
-0.1076	-0.0899	-0.1246	0.00766723140401109	-0.002176425577236929	-0.0035098571257605967	0.92185092	66.34552765	0.91181592	0.061575857624494794	0.0141063	0.00013
-0.1039	-0.0628	-0.0854	0.0075276050638515436	-0.0017418385934903407	-0.003864158963915446	0.99619049	71.69573975	0.94790623	0.1164257581030492	0.0135369	0.0002
-0.0929	-0.1409	0.0469	0.007134905982152819	-0.0005445427266222308	-0.004089306437422714	1.35245633	97.33615875	1.11607956	0.31215712110370514	0.0161046	0.00048
-0.0824	-0.0925	0.1019	0.007756243195862801	-0.0006213372137099814	-0.003921754829231259	1.06446314	76.60931396	0.99748285	0.15718416544945943	0.0179685	0.00061
-0.0928	-0.1723	0.0694	0.00688532389911763	-0.000947713783832921	-0.003778637830567723	0.96278584	69.29161072	0.94332317	0.1897206432765823	0.016186	0.00028
-0.0911	-0.0529	0.0653	0.007681194038027044	-0.0010367255756846318	-0.0037489672332838195	1.03200185	74.27307892	0.96002512	0.17092762640225143	0.0153546	0.0003
-0.099	-0.1429	0.0704	0.007223917774004529	-0.0008447393579652555	-0.003911282853719292	1.01320052	72.91995239	0.95128051	0.1435789051088682	0.0161979	0.00033
-0.0941	-0.0515	0.0159	0.00845786555516452	-0.0009808750396208131	-0.003965388060531117	1.08796775	78.30094147	0.97338561	0.22200943348136873	0.0156543	0.00042
-0.1058	-0.1418	0.0354	0.008155923594569502	-0.0010140362954087054	-0.004199262180298357	1.02674246	73.89456177	0.96216665	0.14994886680750755	0.0173165	0.00059
-0.1	-0.1074	-0.0298	0.008803440747059398	-0.0007871434926494425	-0.00443837228782158	1.07140291	77.10877228	0.97838298	0.1610760031386191	0.0163241	0.00031
-0.0917	-0.1101	0.0124	0.009011134928046723	-0.000661479786505851	-0.004602433237509047	0.94022286	67.66775513	0.92057061	0.07807094184091919	0.0178653	0.00053
-0.0974	-0.1399	-0.0015	0.008908160502179057	-0.0005532693728822024	-0.0046198865300289904	0.89841127	64.65857697	0.90480583	0.0608319066005629	0.017271	0.00042
-0.0979	-0.0891	0.0298	0.0092031211457661	-0.0004625122517784973	-0.00482932604026831	0.9925378	71.4328537	0.94931724	0.11235786374650338	0.0187989	0.00077
-0.1075	-0.1602	0.0125	0.009257226352577924	-0.0001675516081914556	-0.005166174585903216	1.01795554	73.26216888	0.95515786	0.13229571980168855	0.0203864	0.00105
-0.1039	-0.1137	0.0433	0.009361946107697583	7.67944870877505e-05	-0.005492551156026155	1.02021122	73.42450714	0.95332941	0.1146721210260902	0.0219909	0.0014
-0.1094	-0.1714	0.0239	0.009190903841002138	0.0002495820830351891	-0.005644394800949661	0.99084091	71.31072998	0.94062037	0.10738367537831953	0.02202	0.00136
-0.1106	-0.1237	0.0468	0.009428268619273369	9.250245035569947e-05	-0.005612978874413764	0.91390073	65.77335358	0.9075329	0.09309301687433089	0.0223376	0.00148
-0.1	-0.1533	0.0319	0.009196139828758124	0.0003717551306747922	-0.005503023131538122	0.91436148	65.80651093	0.90715798	0.086166860685499	0.0211829	0.00119
-0.0939	-0.102	0.0408	0.009325294193405703	0.00034033920413889426	-0.005447172595474302	0.97814345	70.39689636	0.93553409	0.07712104136236483	0.020605	0.00118
-0.0927	-0.1547	0.0182	0.009063494805606554	0.0002897246558310587	-0.005373868766890541	0.96699244	69.59436035	0.92772447	0.09578588823453726	0.0200893	0.00101
-0.0878	-0.0926	0.028	0.009539969691401005	0.0002565634000431664	-0.005281366316534841	1.00064564	72.01637268	0.94690864	0.10690692959690216	0.0205952	0.00124
-0.0912	-0.1505	0.0155	0.009084438756630484	0.00023911010752322313	-0.005457644570986268	0.97181052	69.94111633	0.93444078	0.10626312408709454	0.0200184	0.00099
-0.0872	-0.1096	0.024	0.009367182095453565	7.853981633974481e-05	-0.005380850083898519	0.90936786	65.44712067	0.90372924	0.07940540585471542	0.0197433	0.00101
-0.0935	-0.1681	-0.0033	0.009159487914466241	-9.773843811168246e-05	-0.005258677036258915	0.898341	64.65351868	0.90575364	0.11740727415391775	0.0196818	0.00086
-0.1012	-0.0938	0.0058	0.009159487914466241	-0.0007330382858376184	-0.005255186377754926	0.99299532	71.46578217	0.94759846	0.12303952531149628	0.0189394	0.00066
-0.1132	-0.1621	-0.0043	0.008379325738824776	-0.0007086036763096977	-0.005506513790042109	1.01060951	72.73347473	0.94886207	0.14319620987282847	0.0187519	0.00062
-0.1073	-0.1051	-0.0034	0.008861036612375212	-0.0007243116395776468	-0.005616469532917752	0.98457855	70.86003113	0.94359534	0.09416872898470142	0.0193588	0.00079
-0.1197	-0.1841	-0.0168	0.008309512568745004	-0.000731292956585624	-0.005806710421385134	1.03801739	74.70601654	0.96688948	0.14223731245527835	0.0195934	0.00074
-0.1204	-0.1179	0.0027	0.008724900930719653	-0.0008918632477691023	-0.005845107664929009	0.99368668	71.51554108	0.94254316	0.11711779483510013	0.0199678	0.00075
-0.1281	-0.2045	-0.004	0.008162904911577479	-0.0008499753457212384	-0.005927138139772744	0.97785151	70.37588501	0.93530518	0.13529571980168864	0.0207688	0.00085
-0.1244	-0.0853	0.0001	0.009054768159346582	-0.0010716321607245184	-0.0058259090431570714	1.04361367	75.10877991	0.9651352	0.1877374579694028	0.0205551	0.00085
-0.1294	-0.2006	0.0171	0.007785913793146704	-0.0009128071987930344	-0.005927138139772744	1.02923214	74.07374573	0.95778969	0.2137454212373517	0.0205829	0.00095
-0.1345	-0.0722	0.0041	0.00834441915378489	-0.0011536626355682519	-0.005871287603708924	1.03074861	74.18288422	0.96285418	0.1892605666738612	0.0191151	0.00066
-0.1341	-0.169	0.0153	0.00752236907609556	-0.0010157816246606998	-0.005920156822764766	1.02970171	74.10753632	0.96653684	0.15884001538263623	0.0195158	0.00065
-0.1332	-0.0845	-0.0191	0.00842470429937663	-0.0012060225131280816	-0.005946336761544681	1.07818353	77.59677124	0.98494528	0.17573780252641827	0.0191156	0.00062
-0.1339	-0.1486	0.013	0.007953465401338159	-0.0010332349171806431	-0.005942846103040692	1.04859579	75.46734619	0.97277932	0.12927585762449487	0.019667	0.00057
-0.1371	-0.1433	-0.005	0.008016297254409955	-0.0009442231253289323	-0.005942846103040692	0.90285504	64.97839355	0.91012673	0.03409218224617537	0.0193193	0.00042
-0.1373	-0.1236	0.0352	0.008159414253073491	-0.0008918632477691023	-0.005883504908472884	0.91418368	65.79371643	0.90235576	0.07284090353955873	0.0207134	0.00056
-0.1422	-0.1884	0.0325	0.007485717161803679	-0.0006911503837897545	-0.006021385919380436	0.96286505	69.29730988	0.93061521	0.1230145483078356	0.0207971	0.00057
-0.1417	-0.0849	0.0443	0.008227482093901268	-0.0009145525280450286	-0.005883504908472884	0.99938059	71.92533112	0.94743336	0.17095240436302078	0.0203103	0.0005
-0.1415	-0.1887	0.0511	0.0072082098107365804	-0.0008447393579652555	-0.00601091394386847	0.9907012	71.30067444	0.94076159	0.17162472443200236	0.0207368	0.00058
-0.1416	-0.0851	0.0416	0.007936012108818216	-0.001043706892692609	-0.005845107664929009	1.02102697	73.48321533	0.95879198	0.16782880558742252	0.0197755	0.00047
-0.1417	-0.1797	0.0484	0.007339109504636156	-0.0006579891280018621	-0.005850343652684992	1.04790509	75.41763306	0.96922173	0.15089281783143949	0.0203727	0.00052
-0.1279	-0.082	0.0384	0.0084334309456366	-0.0006736970912698113	-0.005618214862169747	1.0704242	77.03833008	0.97665366	0.18860790973918193	0.0196782	0.00055
-0.1282	-0.1783	0.0834	0.0075782196121593785	-0.0003665191429188092	-0.005642649471697667	1.0625335	76.4704361	0.96781297	0.2009411945678072	0.0223241	0.00078
-0.1264	-0.1023	0.0486	0.008531169383748283	-0.0005393067388662478	-0.005429719302954359	0.95604396	68.80639648	0.92013822	0.17953337681398251	0.0205089	0.00064
-0.1258	-0.1589	0.0996	0.007801621756414652	-0.0003769911184307752	-0.0055204764240580646	0.97047377	69.84490967	0.931667	0.15733101844364047	0.0226124	0.00087
-0.1162	-0.1062	0.051	0.00846135621366851	-0.0003892084231947355	-0.005262167694762903	1.01887584	73.32839966	0.94672384	0.15741302456564896	0.0191557	0.00064
-0.1175	-0.1691	0.0905	0.0076113808679472705	-0.00017453292519943296	-0.00544193660771832	1.04993582	75.56378937	0.96510256	0.1659209878335979	0.0213524	0.00081
-0.1143	-0.1161	0.045	0.00813148898504158	-0.00026354471705114377	-0.0052778756580308525	0.97254658	69.99408722	0.93135049	0.1403590429316744	0.0182272	0.00047
-0.1191	-0.1308	0.0949	0.007747516549602829	-0.00035604716740684323	-0.005462880558742251	0.9197734	66.19600677	0.90674037	0.10247398932529247	0.0211553	0.00076
-0.1169	-0.1348	0.0608	0.007969173364606109	-0.00023911010752322313	-0.005391322059410484	0.91405082	65.7841568	0.90699313	0.06080761871093336	0.0191843	0.00058
-0.1082	-0.1056	0.0929	0.007927285462558244	-0.0001972222054753592	-0.005281366316534841	0.94416404	67.95140076	0.92355136	0.07968657734856857	0.0204498	0.00085
-0.1127	-0.1341	0.0661	0.007653268769995135	-0.00022165681500327985	-0.005295328950550796	0.94889867	68.2921524	0.92942642	0.07542069680534928	0.0186791	0.00053
-0.1037	-0.0785	0.0904	0.007939502767322205	-0.0001308996938995747	-0.005223770451219028	0.90935248	65.4460144	0.91411132	0.11132748088812713	0.0196939	0.00078
-0.1079	-0.1833	0.0716	0.00649786080517489	-1.3962634015954635e-05	-0.00533721685259866	1.07765007	77.55838013	0.98972202	0.21140127117052832	0.018788	0.00044
-0.1104	-0.0594	0.0428	0.007909832170038301	-0.0006492624817418905	-0.005311036913818745	1.15540791	83.15460205	1.01511377	0.2588725575684631	0.0172356	0.00039
-0.1022	-0.1701	0.0446	0.007183775201208661	-0.0006824237375297829	-0.004900884539600078	1.05464208	75.90249634	0.9794816	0.17916852994181004	0.0166362	0.00036
-0.1071	-0.0794	0.0234	0.007524114405347554	-0.0009983283321407565	-0.004925319149127998	0.96563548	69.49669647	0.93653551	0.15083392041388935	0.0149555	0.00024
-0.1077	-0.1267	0.0453	0.006974335690969341	-0.0009878563566287904	-0.0048956485518440946	0.92983186	66.91991425	0.91791702	0.0992960643587042	0.0153694	0.00027
-0.1139	-0.1263	0.0048	0.007386233394440003	-0.0012007865253720988	-0.004808382089244378	0.94658715	68.12579346	0.92982287	0.08270471674068437	0.0150077	0.00023
-0.1133	-0.0869	0.0364	0.0072902402855803145	-0.0013788101090755204	-0.004626867847036967	0.91530484	65.87440491	0.91057458	0.09437654673852605	0.0152875	0.00019
-0.0916	-0.1365	0.0505	0.006719517620178169	-0.0008726646259971648	-0.004380776422505768	0.90436703	65.08721161	0.90604584	0.15154797865058503	0.0142689	0.00015
-0.0938	-0.0827	0.0871	0.006820746716793839	-0.0010768681484805013	-0.004516912104161324	0.89219385	64.21111298	0.90343492	0.11467841503772812	0.0159851	0.00027
-0.1003	-0.1574	0.0583	0.0066374871453344355	-0.0008988445647770796	-0.004649557127312894	0.92348969	66.46347046	0.91381236	0.1346964089157197	0.01529	0.00017
-0.0982	-0.0945	0.0657	0.007185520530460655	-0.0011379546723003027	-0.004539601384437251	0.93560016	67.33506012	0.92031462	0.11725496177625432	0.0155269	0.00024
-0.1082	-0.149	0.0522	0.006880087911361647	-0.0011903145498601325	-0.004581489286485115	0.88769227	63.88713455	0.89583299	0.09798401993533512	0.0158387	0.00022
-0.1031	-0.1052	0.0726	0.0070354222147891434	-0.0011606439525762293	-0.004527384079673291	0.95726949	68.89459991	0.92790173	0.0812555053761612	0.0163055	0.00025
-0.0968	-0.1507	0.0982	0.006595599243286571	-0.0005201081170943102	-0.004440117617073575	1.03521097	74.50404358	0.97042995	0.13578126347921035	0.0185429	0.00044
-0.0844	-0.0912	0.1974	0.007098254067860938	-6.806784082777885e-05	-0.003771656513559746	1.22524035	88.18043518	1.06280721	0.25225781021773636	0.0254672	0.00177
-0.075	-0.1471	0.1702	0.007300712261092281	0.00034557519189487725	-0.00404741853537485	1.06263947	76.47806549	0.9792399	0.13709316238845515	0.0245872	0.0015
-0.0733	-0.0745	0.1698	0.007696902001294993	-0.0001308996938995747	-0.004246386070102203	1.05082119	75.62750244	0.97152838	0.12828160803622587	0.0239739	0.00181
-0.0882	-0.1528	0.155	0.007569492965899406	-0.00034906585039886593	-0.004146902302738527	1.04651701	75.31773376	0.96219655	0.1302529479629277	0.0232862	0.00123
-0.0843	-0.092	0.1671	0.007702137989050977	-0.00039269908169872416	-0.004071853144902771	0.99908364	71.90396118	0.94415036	0.08936637061435926	0.0233346	0.00162
-0.0904	-0.1587	0.1331	0.007182029871956666	-0.00033684854563490564	-0.004230678106834255	1.03465283	74.46386719	0.96025015	0.1435391807544807	0.0212836	0.00083
-0.0958	-0.0964	0.1485	0.007850490975470494	-0.0005131268000863328	-0.004365068459237818	1.03301919	74.34629822	0.96022586	0.13205648551844093	0.0230787	0.00151
-0.1039	-0.1835	0.1404	0.007344345492392139	-0.00042411500823462205	-0.004455825580341524	1.07654703	77.47898865	0.97451781	0.1375957198016886	0.0234768	0.00105
-0.101	-0.0866	0.1323	0.008751080869499567	-0.0005235987755982988	-0.0042935099599060505	1.06902218	76.93743134	0.96624504	0.19132673824532892	0.0229785	0.00216
-0.109	-0.1861	0.1554	0.007689920684287015	-0.0004625122517784973	-0.0044628068973495	1.01248193	72.86823273	0.9481796	0.1951771823237901	0.0248956	0.00154
-0.1048	-0.068	0.1239	0.008555603993276205	-0.0006736970912698113	-0.004445353604829557	1.03371751	74.39655304	0.95996962	0.2085160720500223	0.0218185	0.0018
